CarrierName,NumberOfFlights,DepartureDelayStd
British Airways,1059,42.86507919688348
American Airlines,957,42.94906780833309
Lufthansa,986,42.97764237708066
Emirates,1021,43.524903144082366
Qantas,984,43.53551274991435
Singapore Airlines,997,43.574115059066116
Delta Airlines,986,43.977281044470494
Southwest Airlines,1018,43.98564701936811
Air France,1024,44.06885606565046
United Airlines,968,44.42380934788651
